filename,standort,koeder,bait_type,visibility_mean,endpoint,value,y_log,visibility_z
20240106-nursery-mackerel.csv,nursery,mackerel,fish,6.0,species_richness,29.0,3.4011973816621555,-0.9918344478179204
20240106-nursery-mackerel.csv,nursery,mackerel,fish,6.0,maxn_video_peak,7.0,2.0794415416798357,-0.9918344478179204
20240106-nursery-mackerel.csv,nursery,mackerel,fish,6.0,first_seen_median_sec,192.728629,5.2664583602142665,-0.9918344478179204
20240223-nursery-mackerel.csv,nursery,mackerel,fish,6.0,species_richness,33.0,3.5263605246161616,-0.9918344478179204
20240223-nursery-mackerel.csv,nursery,mackerel,fish,6.0,maxn_video_peak,18.0,2.9444389791664403,-0.9918344478179204
20240223-nursery-mackerel.csv,nursery,mackerel,fish,6.0,first_seen_median_sec,131.662621,4.8878092211764725,-0.9918344478179204
20240515-milimani-mackerel.csv,milimani,mackerel,fish,15.0,species_richness,53.0,3.9889840465642745,1.269548093206938
20240515-milimani-mackerel.csv,milimani,mackerel,fish,15.0,maxn_video_peak,105.0,4.663439094112067,1.269548093206938
20240515-milimani-mackerel.csv,milimani,mackerel,fish,15.0,first_seen_median_sec,152.5104999,5.033768967945185,1.269548093206938
20240516-utumbi-mackerel.csv,utumbi,mackerel,fish,20.0,species_richness,61.0,4.127134385045092,2.5258717271096374
20240516-utumbi-mackerel.csv,utumbi,mackerel,fish,20.0,maxn_video_peak,121.0,4.804021044733257,2.5258717271096374
20240516-utumbi-mackerel.csv,utumbi,mackerel,fish,20.0,first_seen_median_sec,184.7579668,5.22444457258391,2.5258717271096374
20241025-milimani-mackerel.csv,milimani,mackerel,fish,15.0,species_richness,34.0,3.5553480614894135,1.269548093206938
20241025-milimani-mackerel.csv,milimani,mackerel,fish,15.0,maxn_video_peak,82.0,4.418840607796598,1.269548093206938
20241025-milimani-mackerel.csv,milimani,mackerel,fish,15.0,first_seen_median_sec,279.8398922465,5.6377847284660945,1.269548093206938
20241025-utumbi-ulva_salad.csv,utumbi,ulva_salad,algae,15.0,species_richness,48.0,3.8918202981106265,1.269548093206938
20241025-utumbi-ulva_salad.csv,utumbi,ulva_salad,algae,15.0,maxn_video_peak,140.0,4.948759890378168,1.269548093206938
20241025-utumbi-ulva_salad.csv,utumbi,ulva_salad,algae,15.0,first_seen_median_sec,199.5247454465836,5.300937657817367,1.269548093206938
20241026-milimani-ulva_gutweed.csv,milimani,ulva_gutweed,algae,10.0,species_richness,39.0,3.6888794541139363,0.013224459304238868
20241026-milimani-ulva_gutweed.csv,milimani,ulva_gutweed,algae,10.0,maxn_video_peak,21.0,3.091042453358316,0.013224459304238868
20241026-milimani-ulva_gutweed.csv,milimani,ulva_gutweed,algae,10.0,first_seen_median_sec,382.317859,5.948864564048296,0.013224459304238868
20241026-utumbi-mackerel.csv,utumbi,mackerel,fish,10.0,species_richness,49.0,3.912023005428146,0.013224459304238868
20241026-utumbi-mackerel.csv,utumbi,mackerel,fish,10.0,maxn_video_peak,127.0,4.852030263919617,0.013224459304238868
20241026-utumbi-mackerel.csv,utumbi,mackerel,fish,10.0,first_seen_median_sec,219.3018837065012,5.394998804414052,0.013224459304238868
20241027-milimani-ulva_salad.csv,milimani,ulva_salad,algae,10.0,species_richness,40.0,3.713572066704308,0.013224459304238868
20241027-milimani-ulva_salad.csv,milimani,ulva_salad,algae,10.0,maxn_video_peak,11.0,2.4849066497880004,0.013224459304238868
20241027-milimani-ulva_salad.csv,milimani,ulva_salad,algae,10.0,first_seen_median_sec,354.93330362403844,5.874743363929266,0.013224459304238868
20241027-utumbi-ulva_salad.csv,utumbi,ulva_salad,algae,10.0,species_richness,55.0,4.02535169073515,0.013224459304238868
20241027-utumbi-ulva_salad.csv,utumbi,ulva_salad,algae,10.0,maxn_video_peak,64.0,4.174387269895637,0.013224459304238868
20241027-utumbi-ulva_salad.csv,utumbi,ulva_salad,algae,10.0,first_seen_median_sec,538.6255454319692,6.29087546463625,0.013224459304238868
20241029-milimani-ulva_gutweed.csv,milimani,ulva_gutweed,algae,12.0,species_richness,49.0,3.912023005428146,0.5157539128653186
20241029-milimani-ulva_gutweed.csv,milimani,ulva_gutweed,algae,12.0,maxn_video_peak,18.0,2.9444389791664403,0.5157539128653186
20241029-milimani-ulva_gutweed.csv,milimani,ulva_gutweed,algae,12.0,first_seen_median_sec,570.7129387660007,6.348637010104082,0.5157539128653186
20241029-utumbi-ulva_gutweed.csv,utumbi,ulva_gutweed,algae,12.0,species_richness,50.0,3.9318256327243257,0.5157539128653186
20241029-utumbi-ulva_gutweed.csv,utumbi,ulva_gutweed,algae,12.0,maxn_video_peak,56.0,4.04305126783455,0.5157539128653186
20241029-utumbi-ulva_gutweed.csv,utumbi,ulva_gutweed,algae,12.0,first_seen_median_sec,422.4546705413353,6.048446473041898,0.5157539128653186
20241030-milimani-ulva_gutweed.csv,milimani,ulva_gutweed,algae,10.0,species_richness,46.0,3.8501476017100584,0.013224459304238868
20241030-milimani-ulva_gutweed.csv,milimani,ulva_gutweed,algae,10.0,maxn_video_peak,73.0,4.30406509320417,0.013224459304238868
20241030-milimani-ulva_gutweed.csv,milimani,ulva_gutweed,algae,10.0,first_seen_median_sec,497.3830013388364,6.211368860428596,0.013224459304238868
20241030-utumbi-ulva_gutweed.csv,utumbi,ulva_gutweed,algae,10.0,species_richness,54.0,4.007333185232471,0.013224459304238868
20241030-utumbi-ulva_gutweed.csv,utumbi,ulva_gutweed,algae,10.0,maxn_video_peak,35.0,3.58351893845611,0.013224459304238868
20241030-utumbi-ulva_gutweed.csv,utumbi,ulva_gutweed,algae,10.0,first_seen_median_sec,462.2076668086685,6.138175477953991,0.013224459304238868
20241105-milimani-ulva_salad.csv,milimani,ulva_salad,algae,5.0,species_richness,31.0,3.4657359027997265,-1.2430991745984603
20241105-milimani-ulva_salad.csv,milimani,ulva_salad,algae,5.0,maxn_video_peak,38.0,3.6635616461296463,-1.2430991745984603
20241105-milimani-ulva_salad.csv,milimani,ulva_salad,algae,5.0,first_seen_median_sec,894.5196159,6.797404126230147,-1.2430991745984603
20241110-milimani-ulva_salad.csv,milimani,ulva_salad,algae,7.0,species_richness,57.0,4.060443010546419,-0.7405697210373806
20241110-milimani-ulva_salad.csv,milimani,ulva_salad,algae,7.0,maxn_video_peak,99.0,4.605170185988092,-0.7405697210373806
20241110-milimani-ulva_salad.csv,milimani,ulva_salad,algae,7.0,first_seen_median_sec,408.9621283,6.016064785431983,-0.7405697210373806
20241110-utumbi-ulva_salad.csv,utumbi,ulva_salad,algae,7.0,species_richness,52.0,3.970291913552122,-0.7405697210373806
20241110-utumbi-ulva_salad.csv,utumbi,ulva_salad,algae,7.0,maxn_video_peak,87.0,4.477336814478207,-0.7405697210373806
20241110-utumbi-ulva_salad.csv,utumbi,ulva_salad,algae,7.0,first_seen_median_sec,621.45146545,6.433665658150672,-0.7405697210373806
20241112-milimani-ulva_salad.csv,milimani,ulva_salad,algae,10.0,species_richness,43.0,3.784189633918261,0.013224459304238868
20241112-milimani-ulva_salad.csv,milimani,ulva_salad,algae,10.0,maxn_video_peak,123.0,4.820281565605037,0.013224459304238868
20241112-milimani-ulva_salad.csv,milimani,ulva_salad,algae,10.0,first_seen_median_sec,535.1086171,6.284336784384595,0.013224459304238868
20241112-utumbi-ulva_gutweed.csv,utumbi,ulva_gutweed,algae,10.0,species_richness,55.0,4.02535169073515,0.013224459304238868
20241112-utumbi-ulva_gutweed.csv,utumbi,ulva_gutweed,algae,10.0,maxn_video_peak,66.0,4.204692619390966,0.013224459304238868
20241112-utumbi-ulva_gutweed.csv,utumbi,ulva_gutweed,algae,10.0,first_seen_median_sec,446.359034,6.103361480268296,0.013224459304238868
20241124-milimani-mackerel.csv,milimani,mackerel,fish,7.0,species_richness,57.0,4.060443010546419,-0.7405697210373806
20241124-milimani-mackerel.csv,milimani,mackerel,fish,7.0,maxn_video_peak,40.0,3.713572066704308,-0.7405697210373806
20241124-milimani-mackerel.csv,milimani,mackerel,fish,7.0,first_seen_median_sec,388.5472273,5.964985109051626,-0.7405697210373806
20241124-utumbi-mackerel.csv,utumbi,mackerel,fish,12.0,species_richness,50.0,3.9318256327243257,0.5157539128653186
20241124-utumbi-mackerel.csv,utumbi,mackerel,fish,12.0,maxn_video_peak,94.0,4.553876891600541,0.5157539128653186
20241124-utumbi-mackerel.csv,utumbi,mackerel,fish,12.0,first_seen_median_sec,461.32443325,6.1362668811009415,0.5157539128653186
20241126-nursery-mackerel.csv,nursery,mackerel,fish,6.0,species_richness,41.0,3.7376696182833684,-0.9918344478179204
20241126-nursery-mackerel.csv,nursery,mackerel,fish,6.0,maxn_video_peak,30.0,3.4339872044851463,-0.9918344478179204
20241126-nursery-mackerel.csv,nursery,mackerel,fish,6.0,first_seen_median_sec,121.159542,4.805327911721947,-0.9918344478179204
20241127-milimani-sargassum.csv,milimani,sargassum,algae,10.0,species_richness,43.0,3.784189633918261,0.013224459304238868
20241127-milimani-sargassum.csv,milimani,sargassum,algae,10.0,maxn_video_peak,42.0,3.7612001156935624,0.013224459304238868
20241127-milimani-sargassum.csv,milimani,sargassum,algae,10.0,first_seen_median_sec,510.184661248336,6.2367308972304,0.013224459304238868
20241127-utumbi-sargassum.csv,utumbi,sargassum,algae,10.0,species_richness,54.0,4.007333185232471,0.013224459304238868
20241127-utumbi-sargassum.csv,utumbi,sargassum,algae,10.0,maxn_video_peak,54.0,4.007333185232471,0.013224459304238868
20241127-utumbi-sargassum.csv,utumbi,sargassum,algae,10.0,first_seen_median_sec,424.67798564449726,6.053683158188253,0.013224459304238868
20241128-milimani-sargassum.csv,milimani,sargassum,algae,10.0,species_richness,46.0,3.8501476017100584,0.013224459304238868
20241128-milimani-sargassum.csv,milimani,sargassum,algae,10.0,maxn_video_peak,171.0,5.147494476813453,0.013224459304238868
20241128-milimani-sargassum.csv,milimani,sargassum,algae,10.0,first_seen_median_sec,327.1720629,5.793538052851296,0.013224459304238868
20241128-utumbi-sargassum.csv,utumbi,sargassum,algae,10.0,species_richness,61.0,4.127134385045092,0.013224459304238868
20241128-utumbi-sargassum.csv,utumbi,sargassum,algae,10.0,maxn_video_peak,62.0,4.143134726391533,0.013224459304238868
20241128-utumbi-sargassum.csv,utumbi,sargassum,algae,10.0,first_seen_median_sec,409.4634603,6.017286912263142,0.013224459304238868
20241129-milimani-sargassum.csv,milimani,sargassum,algae,15.0,species_richness,46.0,3.8501476017100584,1.269548093206938
20241129-milimani-sargassum.csv,milimani,sargassum,algae,15.0,maxn_video_peak,129.0,4.867534450455582,1.269548093206938
20241129-milimani-sargassum.csv,milimani,sargassum,algae,15.0,first_seen_median_sec,470.855252,6.156672269061326,1.269548093206938
20241129-utumbi-sargassum.csv,utumbi,sargassum,algae,15.0,species_richness,56.0,4.04305126783455,1.269548093206938
20241129-utumbi-sargassum.csv,utumbi,sargassum,algae,15.0,maxn_video_peak,34.0,3.5553480614894135,1.269548093206938
20241129-utumbi-sargassum.csv,utumbi,sargassum,algae,15.0,first_seen_median_sec,412.6892231000001,6.0251150230918,1.269548093206938
20241204-nursery-algae_strings.csv,nursery,algae_strings,algae,5.0,species_richness,38.0,3.6635616461296463,-1.2430991745984603
20241204-nursery-algae_strings.csv,nursery,algae_strings,algae,5.0,maxn_video_peak,23.0,3.1780538303479458,-1.2430991745984603
20241204-nursery-algae_strings.csv,nursery,algae_strings,algae,5.0,first_seen_median_sec,384.38582,5.954244962360992,-1.2430991745984603
20241205-nursery-algae_strings.csv,nursery,algae_strings,algae,5.0,species_richness,34.0,3.5553480614894135,-1.2430991745984603
20241205-nursery-algae_strings.csv,nursery,algae_strings,algae,5.0,maxn_video_peak,14.0,2.70805020110221,-1.2430991745984603
20241205-nursery-algae_strings.csv,nursery,algae_strings,algae,5.0,first_seen_median_sec,222.5204925,5.409503098888472,-1.2430991745984603
20241206-nursery-algae_strings.csv,nursery,algae_strings,algae,5.0,species_richness,35.0,3.58351893845611,-1.2430991745984603
20241206-nursery-algae_strings.csv,nursery,algae_strings,algae,5.0,maxn_video_peak,23.0,3.1780538303479458,-1.2430991745984603
20241206-nursery-algae_strings.csv,nursery,algae_strings,algae,5.0,first_seen_median_sec,252.4745,5.535263226255576,-1.2430991745984603
20241208-nursery-algaemix.csv,nursery,algaemix,algae,5.0,species_richness,43.0,3.784189633918261,-1.2430991745984603
20241208-nursery-algaemix.csv,nursery,algaemix,algae,5.0,maxn_video_peak,43.0,3.784189633918261,-1.2430991745984603
20241208-nursery-algaemix.csv,nursery,algaemix,algae,5.0,first_seen_median_sec,433.3108554,6.073760534393035,-1.2430991745984603
20241209-nursery-algaemix.csv,nursery,algaemix,algae,6.0,species_richness,41.0,3.7376696182833684,-0.9918344478179204
20241209-nursery-algaemix.csv,nursery,algaemix,algae,6.0,maxn_video_peak,45.0,3.828641396489095,-0.9918344478179204
20241209-nursery-algaemix.csv,nursery,algaemix,algae,6.0,first_seen_median_sec,230.6871168,5.4453878269576,-0.9918344478179204
20241209-utumbi-fischmix.csv,utumbi,fischmix,fish,17.0,species_richness,60.0,4.110873864173311,1.7720775467680177
20241209-utumbi-fischmix.csv,utumbi,fischmix,fish,17.0,maxn_video_peak,49.0,3.912023005428146,1.7720775467680177
20241209-utumbi-fischmix.csv,utumbi,fischmix,fish,17.0,first_seen_median_sec,415.5690528,6.032052240901965,1.7720775467680177
20241210-milimani-fischmix.csv,milimani,fischmix,fish,15.0,species_richness,45.0,3.828641396489095,1.269548093206938
20241210-milimani-fischmix.csv,milimani,fischmix,fish,15.0,maxn_video_peak,56.0,4.04305126783455,1.269548093206938
20241210-milimani-fischmix.csv,milimani,fischmix,fish,15.0,first_seen_median_sec,109.1312047,4.701672425007426,1.269548093206938
20241210-nursery-algaemix.csv,nursery,algaemix,algae,5.0,species_richness,33.0,3.5263605246161616,-1.2430991745984603
20241210-nursery-algaemix.csv,nursery,algaemix,algae,5.0,maxn_video_peak,21.0,3.091042453358316,-1.2430991745984603
20241210-nursery-algaemix.csv,nursery,algaemix,algae,5.0,first_seen_median_sec,288.776395,5.6691095738431105,-1.2430991745984603
20241210-utumbi-fischmix.csv,utumbi,fischmix,fish,15.0,species_richness,52.0,3.970291913552122,1.269548093206938
20241210-utumbi-fischmix.csv,utumbi,fischmix,fish,15.0,maxn_video_peak,27.0,3.332204510175204,1.269548093206938
20241210-utumbi-fischmix.csv,utumbi,fischmix,fish,15.0,first_seen_median_sec,383.33365955,5.951511080386365,1.269548093206938
20251212-nursery-mackerel.csv,nursery,mackerel,fish,5.0,species_richness,36.0,3.6109179126442243,-1.2430991745984603
20251212-nursery-mackerel.csv,nursery,mackerel,fish,5.0,maxn_video_peak,11.0,2.4849066497880004,-1.2430991745984603
20251212-nursery-mackerel.csv,nursery,mackerel,fish,5.0,first_seen_median_sec,173.662391,5.162854916345683,-1.2430991745984603
