site,family,algae_present,algae_total,fish_present,fish_total,algae_rate,fish_rate,present_total,direction_observed,fisher_p_two_sided,fisher_p_directional,q_bh_two_sided_site,q_holm_two_sided_site,q_bh_directional_site,q_holm_directional_site
milimani,tetraodontidae,9,10,1,4,0.9,0.25,10,algae>fish,0.04095904095904096,0.04095904095904096,0.8601398601398602,0.8601398601398602,0.7342657342657344,0.8601398601398602
milimani,zanclidae,4,10,4,4,0.4,1.0,8,fish>algae,0.08491508491508493,0.06993006993006994,0.8916083916083918,1.0,0.7342657342657344,1.0
milimani,carangidae,3,10,3,4,0.3,0.75,6,fish>algae,0.24475524475524474,0.17482517482517482,1.0,1.0,0.8653846153846154,1.0
milimani,holocentridae,4,10,0,4,0.4,0.0,4,algae>fish,0.2507492507492507,0.20979020979020976,1.0,1.0,0.8653846153846154,1.0
milimani,pinguipedidae,4,10,3,4,0.4,0.75,7,fish>algae,0.5594405594405594,0.2797202797202797,1.0,1.0,0.8653846153846154,1.0
milimani,lethrinidae,10,10,3,4,1.0,0.75,13,algae>fish,0.2857142857142857,0.2857142857142857,1.0,1.0,0.8653846153846154,1.0
milimani,aulostomidae,8,10,2,4,0.8,0.5,10,algae>fish,0.5204795204795204,0.31068931068931066,1.0,1.0,0.8653846153846154,1.0
milimani,lutjanidae,7,10,4,4,0.7,1.0,11,fish>algae,0.5054945054945055,0.32967032967032966,1.0,1.0,0.8653846153846154,1.0
milimani,blenniidae,7,10,2,4,0.7,0.5,9,algae>fish,0.5804195804195804,0.45454545454545453,1.0,1.0,1.0,1.0
milimani,monacanthidae,7,10,3,4,0.7,0.75,10,fish>algae,1.0,0.6893106893106893,1.0,1.0,1.0,1.0
milimani,siganidae,7,10,3,4,0.7,0.75,10,fish>algae,1.0,0.6893106893106893,1.0,1.0,1.0,1.0
milimani,cirrhitidae,5,10,2,4,0.5,0.5,7,algae>fish,1.0,0.7202797202797202,1.0,1.0,1.0,1.0
milimani,acanthuridae,10,10,4,4,1.0,1.0,14,algae>fish,1.0,1.0,1.0,1.0,1.0,1.0
milimani,balistidae,10,10,4,4,1.0,1.0,14,algae>fish,1.0,1.0,1.0,1.0,1.0,1.0
milimani,chaetodontidae,10,10,4,4,1.0,1.0,14,algae>fish,1.0,1.0,1.0,1.0,1.0,1.0
milimani,labridae,10,10,4,4,1.0,1.0,14,algae>fish,1.0,1.0,1.0,1.0,1.0,1.0
milimani,mullidae,10,10,4,4,1.0,1.0,14,algae>fish,1.0,1.0,1.0,1.0,1.0,1.0
milimani,pomacanthidae,10,10,4,4,1.0,1.0,14,algae>fish,1.0,1.0,1.0,1.0,1.0,1.0
milimani,pomacentridae,10,10,4,4,1.0,1.0,14,algae>fish,1.0,1.0,1.0,1.0,1.0,1.0
milimani,scaridae,10,10,4,4,1.0,1.0,14,algae>fish,1.0,1.0,1.0,1.0,1.0,1.0
milimani,serranidae,10,10,4,4,1.0,1.0,14,algae>fish,1.0,1.0,1.0,1.0,1.0,1.0
nursery,muraenidae,5,6,0,4,0.8333333333333334,0.0,5,algae>fish,0.04761904761904762,0.02380952380952381,0.6133333333333334,1.0,0.5476190476190477,0.5476190476190477
nursery,caesionidae,6,6,2,4,1.0,0.5,8,algae>fish,0.13333333333333333,0.1333333333333333,0.6133333333333334,1.0,0.6133333333333332,1.0
nursery,nemipteridae,6,6,2,4,1.0,0.5,8,algae>fish,0.13333333333333333,0.1333333333333333,0.6133333333333334,1.0,0.6133333333333332,1.0
nursery,siganidae,6,6,2,4,1.0,0.5,8,algae>fish,0.13333333333333333,0.1333333333333333,0.6133333333333334,1.0,0.6133333333333332,1.0
nursery,zanclidae,6,6,2,4,1.0,0.5,8,algae>fish,0.13333333333333333,0.1333333333333333,0.6133333333333334,1.0,0.6133333333333332,1.0
nursery,pinguipedidae,3,6,4,4,0.5,1.0,7,fish>algae,0.19999999999999998,0.16666666666666666,0.7666666666666666,1.0,0.6388888888888888,1.0
nursery,lethrinidae,2,6,3,4,0.3333333333333333,0.75,5,fish>algae,0.5238095238095238,0.2619047619047619,1.0,1.0,0.7529761904761906,1.0
nursery,serranidae,2,6,3,4,0.3333333333333333,0.75,5,fish>algae,0.5238095238095238,0.2619047619047619,1.0,1.0,0.7529761904761906,1.0
nursery,balistidae,6,6,3,4,1.0,0.75,9,algae>fish,0.4000000000000001,0.3999999999999999,1.0,1.0,0.867063492063492,1.0
nursery,carangidae,6,6,3,4,1.0,0.75,9,algae>fish,0.4000000000000001,0.3999999999999999,1.0,1.0,0.867063492063492,1.0
nursery,aulostomidae,3,6,1,4,0.5,0.25,4,algae>fish,0.5714285714285715,0.45238095238095233,1.0,1.0,0.867063492063492,1.0
nursery,monacanthidae,3,6,1,4,0.5,0.25,4,algae>fish,0.5714285714285715,0.45238095238095233,1.0,1.0,0.867063492063492,1.0
nursery,fistulariidae,4,6,2,4,0.6666666666666666,0.5,6,algae>fish,1.0,0.5476190476190476,1.0,1.0,0.9688644688644689,1.0
nursery,diodontidae,2,6,1,4,0.3333333333333333,0.25,3,algae>fish,1.0,0.6666666666666666,1.0,1.0,1.0,1.0
nursery,tetraodontidae,4,6,3,4,0.6666666666666666,0.75,7,fish>algae,1.0,0.6666666666666666,1.0,1.0,1.0,1.0
nursery,pomacanthidae,3,6,2,4,0.5,0.5,5,algae>fish,1.0,0.7380952380952381,1.0,1.0,1.0,1.0
nursery,acanthuridae,6,6,4,4,1.0,1.0,10,algae>fish,1.0,1.0,1.0,1.0,1.0,1.0
nursery,chaetodontidae,6,6,4,4,1.0,1.0,10,algae>fish,1.0,1.0,1.0,1.0,1.0,1.0
nursery,labridae,6,6,4,4,1.0,1.0,10,algae>fish,1.0,1.0,1.0,1.0,1.0,1.0
nursery,lutjanidae,6,6,4,4,1.0,1.0,10,algae>fish,1.0,1.0,1.0,1.0,1.0,1.0
nursery,mullidae,6,6,4,4,1.0,1.0,10,algae>fish,1.0,1.0,1.0,1.0,1.0,1.0
nursery,pomacentridae,6,6,4,4,1.0,1.0,10,algae>fish,1.0,1.0,1.0,1.0,1.0,1.0
nursery,scaridae,6,6,4,4,1.0,1.0,10,algae>fish,1.0,1.0,1.0,1.0,1.0,1.0
utumbi,muraenidae,0,9,4,5,0.0,0.8,4,fish>algae,0.004995004995004995,0.004995004995004995,0.11988011988011989,0.11988011988011987,0.11988011988011989,0.11988011988011987
utumbi,aulostomidae,9,9,3,5,1.0,0.6,12,algae>fish,0.1098901098901099,0.10989010989010989,0.8791208791208792,1.0,0.7552447552447553,1.0
utumbi,zanclidae,9,9,3,5,1.0,0.6,12,algae>fish,0.1098901098901099,0.10989010989010989,0.8791208791208792,1.0,0.7552447552447553,1.0
utumbi,carangidae,5,9,5,5,0.5555555555555556,1.0,10,fish>algae,0.2207792207792208,0.1258741258741259,1.0,1.0,0.7552447552447553,1.0
utumbi,nemipteridae,3,9,0,5,0.3333333333333333,0.0,3,algae>fish,0.25824175824175827,0.23076923076923075,1.0,1.0,0.923076923076923,1.0
utumbi,tetraodontidae,3,9,0,5,0.3333333333333333,0.0,3,algae>fish,0.25824175824175827,0.23076923076923075,1.0,1.0,0.923076923076923,1.0
utumbi,cirrhitidae,8,9,3,5,0.8888888888888888,0.6,11,algae>fish,0.5054945054945055,0.2747252747252747,1.0,1.0,0.9419152276295132,1.0
utumbi,blenniidae,6,9,4,5,0.6666666666666666,0.8,10,fish>algae,1.0,0.5454545454545454,1.0,1.0,1.0,1.0
utumbi,lethrinidae,6,9,4,5,0.6666666666666666,0.8,10,fish>algae,1.0,0.5454545454545454,1.0,1.0,1.0,1.0
utumbi,caesionidae,6,9,3,5,0.6666666666666666,0.6,9,algae>fish,1.0,0.6223776223776223,1.0,1.0,1.0,1.0
utumbi,lutjanidae,8,9,5,5,0.8888888888888888,1.0,13,fish>algae,1.0,0.6428571428571428,1.0,1.0,1.0,1.0
utumbi,monacanthidae,4,9,2,5,0.4444444444444444,0.4,6,algae>fish,1.0,0.6573426573426573,1.0,1.0,1.0,1.0
utumbi,siganidae,5,9,3,5,0.5555555555555556,0.6,8,fish>algae,1.0,0.6573426573426573,1.0,1.0,1.0,1.0
utumbi,scombridae,2,9,1,5,0.2222222222222222,0.2,3,algae>fish,1.0,0.7252747252747253,1.0,1.0,1.0,1.0
utumbi,acanthuridae,9,9,5,5,1.0,1.0,14,algae>fish,1.0,1.0,1.0,1.0,1.0,1.0
utumbi,balistidae,9,9,5,5,1.0,1.0,14,algae>fish,1.0,1.0,1.0,1.0,1.0,1.0
utumbi,chaetodontidae,9,9,5,5,1.0,1.0,14,algae>fish,1.0,1.0,1.0,1.0,1.0,1.0
utumbi,holocentridae,9,9,5,5,1.0,1.0,14,algae>fish,1.0,1.0,1.0,1.0,1.0,1.0
utumbi,labridae,9,9,5,5,1.0,1.0,14,algae>fish,1.0,1.0,1.0,1.0,1.0,1.0
utumbi,mullidae,9,9,5,5,1.0,1.0,14,algae>fish,1.0,1.0,1.0,1.0,1.0,1.0
utumbi,pomacanthidae,9,9,5,5,1.0,1.0,14,algae>fish,1.0,1.0,1.0,1.0,1.0,1.0
utumbi,pomacentridae,9,9,5,5,1.0,1.0,14,algae>fish,1.0,1.0,1.0,1.0,1.0,1.0
utumbi,scaridae,9,9,5,5,1.0,1.0,14,algae>fish,1.0,1.0,1.0,1.0,1.0,1.0
utumbi,serranidae,9,9,5,5,1.0,1.0,14,algae>fish,1.0,1.0,1.0,1.0,1.0,1.0
